{
  "version": 1,
  "author": "Anonymous maker",
  "editor": "wokwi",
  "parts": [
    { "type": "wokwi-esp32-devkit-v1", "id": "esp", "top": 2.43, "left": 249.69, "attrs": {} },
    {
      "type": "wokwi-led",
      "id": "led1",
      "top": 56.43,
      "left": 159.77,
      "attrs": { "color": "red" }
    },
    {
      "type": "wokwi-led",
      "id": "led2",
      "top": 55.61,
      "left": 111.78,
      "attrs": { "color": "yellow" }
    },
    {
      "type": "wokwi-led",
      "id": "led3",
      "top": 57.24,
      "left": 66.24,
      "attrs": { "color": "blue" }
    },
    {
      "type": "wokwi-led",
      "id": "led4",
      "top": 58.05,
      "left": 19.06,
      "attrs": { "color": "limegreen" }
    }
  ],
  "connections": [
    [ "esp:TX0", "$serialMonitor:RX", "", [] ],
    [ "esp:RX0", "$serialMonitor:TX", "", [] ],
    [ "esp:GND.2", "led1:C", "black", [ "h-81.63", "v-49.61" ] ],
    [ "esp:GND.2", "led2:C", "black", [ "h-128.8", "v-48.79" ] ],
    [ "esp:GND.2", "led3:C", "black", [ "h-175.16", "v-50.57" ] ],
    [ "esp:GND.2", "led4:C", "black", [ "h-222.33", "v-47.98" ] ],
    [ "esp:D25", "led1:A", "green", [ "h-49.91", "v4.84" ] ],
    [ "esp:D26", "led2:A", "green", [ "h-44.21", "v7.34", "h-74.01" ] ],
    [ "esp:D27", "led3:A", "green", [ "h-36.08", "v5.67", "h-124.44" ] ],
    [ "esp:D14", "led4:A", "green", [ "h-28.76", "v4.61", "h-179.74" ] ]
  ],
  "dependencies": {}
}